{"threshold": 0.15719012123675657, "threshold_percentile": 95, "benign_mean": 1.0067440899197646, "benign_p95": 0.15719012123675657, "benign_p99": 0.8877617890071333}